HOSPITAL_NAME,COPD_COUNT,PCT_OF_COPD_CASES_OVER_BEDS,AVG_SCORE,AVG_RISK
ST.LUKE'S,164,0,39.651707317073196,2.0
SAINT LOUIS UNIVERSITY,164,0,40.06164634146344,2.0
BJC,184,0,39.78929347826088,2.0
MISSOURI BAPTIST,161,0,40.28559006211183,2.0
BJC WEST COUNTY,171,0,39.501111111111115,2.0
ST.MARY'S,156,0,39.68326923076923,2.0
